goal_id,match_id,scorer_id,team_id,minute,added_time,is_penalty,is_own_goal
g001,m001,gabriel_martinelli,arsenal,86,0,false,false
g002,m002,son_heung_min,tottenham,36,0,false,false
g003,m002,cody_gakpo,liverpool,45,4,false,false
g004,m002,joel_matip,tottenham,90,6,false,true
g005,m003,erling_haaland,man_city,27,0,false,false
g006,m003,trent_alexander_arnold,liverpool,80,0,false,false
g007,m004,cole_palmer,chelsea,15,0,true,false
g008,m004,mykhailo_mudryk,chelsea,48,0,false,false
g009,m004,declan_rice,arsenal,77,0,false,false
g010,m004,leandro_trossard,arsenal,84,0,false,false
g011,m005,giovani_lo_celso,tottenham,22,0,false,false
g012,m005,pau_torres,aston_villa,45,7,false,false
g013,m005,ollie_watkins,aston_villa,61,0,false,false
g014,m006,son_heung_min,tottenham,6,0,false,false
g015,m006,son_heung_min,man_city,9,0,false,true
g016,m006,phil_foden,man_city,31,0,false,false
g017,m006,giovani_lo_celso,tottenham,69,0,false,false
g018,m006,jack_grealish,man_city,81,0,false,false
g019,m006,dejan_kulusevski,tottenham,90,0,false,false
g020,m007,leon_bailey,aston_villa,74,0,false,false
g021,m008,john_mcginn,aston_villa,7,0,false,false
g022,m009,dominik_szoboszlai,liverpool,3,0,false,false
g023,m009,matty_cash,liverpool,22,0,false,true
g024,m009,mohamed_salah,liverpool,55,0,false,false
g025,m010,diogo_jota,liverpool,23,0,false,false
g026,m010,conor_bradley,liverpool,39,0,false,false
g027,m010,dominik_szoboszlai,liverpool,65,0,false,false
g028,m010,christopher_nkunku,chelsea,71,0,false,false
g029,m010,luis_diaz,liverpool,79,0,false,false
g030,m011,bukayo_saka,arsenal,14,0,false,false
g031,m011,gabriel_magalhaes,liverpool,45,3,false,true
g032,m011,gabriel_martinelli,arsenal,67,0,false,false
g033,m011,leandro_trossard,arsenal,90,2,false,false
g034,m012,raheem_sterling,chelsea,42,0,false,false
g035,m012,rodri,man_city,83,0,false,false
g036,m013,cristian_romero,arsenal,26,0,false,true
g037,m013,son_heung_min,tottenham,42,0,false,false
g038,m013,bukayo_saka,arsenal,54,0,true,false
g039,m013,son_heung_min,tottenham,55,0,false,false
g040,m014,ollie_watkins,aston_villa,73,0,false,false
g041,m015,dejan_kulusevski,tottenham,6,0,false,false
g042,m015,cole_palmer,chelsea,35,0,true,false
g043,m015,nicolas_jackson,chelsea,75,0,false,false
g044,m015,nicolas_jackson,chelsea,90,4,false,false
g045,m015,nicolas_jackson,chelsea,90,7,false,false
