transfer_id,player_id,from_club,to_club,transfer_date,fee_million_eur,season_id
t001,erling_haaland,borussia_dortmund,man_city,2022-06-13,60.0,pl_2022_23
t002,declan_rice,west_ham,arsenal,2023-07-15,116.6,pl_2023_24
t003,cole_palmer,man_city,chelsea,2023-08-05,47.0,pl_2023_24
t004,darwin_nunez,sl_benfica,liverpool,2022-07-14,75.0,pl_2022_23
t005,enzo_fernandez,sl_benfica,chelsea,2023-01-26,121.0,pl_2022_23
t006,james_maddison,leicester_city,tottenham,2023-07-07,45.0,pl_2023_24
t007,brennan_johnson,nottingham_forest,tottenham,2023-08-31,50.0,pl_2023_24
t008,morgan_rogers,man_city,aston_villa,2024-01-20,8.5,pl_2023_24
t009,pau_torres,villarreal,aston_villa,2023-07-14,35.0,pl_2023_24
t010,bukayo_saka,arsenal_academy,arsenal,2018-07-01,0.0,pl_2018_19
